reward,timestep
-455.0490973076148,24000
424.6972089806204,48000
743.4632832387719,24000
